{"last_tab":"","theme_color_scheme":"#2f7955","to_top":"","theme_rtl":"","theme_preloader":"0","preloader_text":" <div class=\"txt-loading\">\r\n                            <span data-text-preloader=\"u\" class=\"letters-loading\">\r\n                                u\r\n                            <\/span>\r\n                            <span data-text-preloader=\"t\" class=\"letters-loading\">\r\n                                t\r\n                            <\/span>\r\n                            <span data-text-preloader=\"h\" class=\"letters-loading\">\r\n                                h\r\n                            <\/span>\r\n                            <span data-text-preloader=\"a\" class=\"letters-loading\">\r\n                                a\r\n                            <\/span>\r\n                            <span data-text-preloader=\"n\" class=\"letters-loading\">\r\n                                n\r\n                            <\/span>\r\n                        <\/div>","image_favicon":{"url":"http:\/\/ftpdemo.com\/uthan\/wp-content\/uploads\/2022\/02\/Thumnil.png","id":"1468","height":"80","width":"80","thumbnail":"http:\/\/ftpdemo.com\/uthan\/wp-content\/uploads\/2022\/02\/Thumnil.png"},"image_normal_logo":{"url":"http:\/\/ftpdemo.com\/uthan\/wp-content\/uploads\/2022\/02\/Logo.png","id":"1469","height":"434","width":"1500","thumbnail":"http:\/\/ftpdemo.com\/uthan\/wp-content\/uploads\/2022\/02\/Logo-150x150.png"},"normal_logo_dimension":{"width":"","height":"","units":"px"},"image_normal_logo2":{"url":"http:\/\/ftpdemo.com\/uthan\/wp-content\/uploads\/2022\/02\/Logo.png","id":"1469","height":"434","width":"1500","thumbnail":"http:\/\/ftpdemo.com\/uthan\/wp-content\/uploads\/2022\/02\/Logo-150x150.png"},"normal_logo_dimension2":{"width":"","height":"","units":"px"},"image_normal_logo3":{"url":"http:\/\/ftpdemo.com\/uthan\/wp-content\/uploads\/2022\/02\/Logo-2-1.png","id":"1470","height":"755","width":"800","thumbnail":"http:\/\/ftpdemo.com\/uthan\/wp-content\/uploads\/2022\/02\/Logo-2-1-150x150.png"},"normal_logo_dimension3":{"width":"","height":"","units":"px"},"image_normal_logo4":{"url":"http:\/\/ftpdemo.com\/uthan\/wp-content\/uploads\/2022\/02\/Logo.png","id":"1469","height":"434","width":"1500","thumbnail":"http:\/\/ftpdemo.com\/uthan\/wp-content\/uploads\/2022\/02\/Logo-150x150.png"},"normal_logo_dimension4":{"width":"","height":"","units":"px"},"header_source_type":"d","header_elementor_template":"","header_style_settings":"header_v1","top_header_show_v1":"1","header_social_show_v1":"1","socialtitle_v1":"Follow Us:","social_profile":"\t\t\t\t\t\t\t\t\t\t\t\t\t\t\t\t\r\n\t\t\t\t\t\t\t\t\t\t\t\t\t\t\t\t\r\n                                <li><a href=\"https:\/\/www.facebook.com\/\"><i class=\"fab fa-facebook-f\"><\/i><\/a><\/li>\r\n\t\t\t\t\t\t\t\t\r\n\t\t\t\t\t\t\t\t\t\t\t\t\t\t\t\t\r\n                                <li><a href=\"https:\/\/www.linkedin.com\/login\"><i class=\"fab fa-linkedin-in\"><\/i><\/a><\/li>\r\n\t\t\t\t\t\t\t\t\r\n\t\t\t\t\t\t\t\t\t\t\t\t\t\t\t\t\r\n                                <li><a href=\"https:\/\/www.pinterest.com\/\"><i class=\"fab fa-pinterest-p\"><\/i><\/a><\/li>\r\n\t\t\t\t\t\t\t\t\r\n\t\t\t\t\t\t\t\t\t\t\t\t\t\t\t\t\r\n                                <li><a href=\"https:\/\/twitter.com\/\"><i class=\"fab fa-twitter\"><\/i><\/a><\/li>\r\n\t\t\t\t\t\t\t\t\r\n\t\t\t","header_search_show_v1":"1","search_text_v1":"Search....","phone_title_v1":"Call:","phone_v1":"123 4561 5523","phone_link_v1":"#","email_title_v1":"Email:","email_v1":"info@example.com","email_link_v1":"#","shop_show_v1":"1","button_show_v1":"1","button_v1":"Contact Us","button_link_v1":"https:\/\/ftpdemo.com\/uthan\/contact\/","address_title_v1":"Contact Info","address2nd_v1":"Chicago 12, Melborne City, USA","button_show_v2":"1","button_v2":"Contact Us","button_link_v2":"https:\/\/ftpdemo.com\/uthan\/contact\/","top_header_show_v3":"1","header_social_show_v3":"1","socialtitle_v3":"Share","country_title_v3":"country us","country_link_v3":"#","email_v3":"e-mail us","email_link_v3":"#","shop_show_v3":"1","button_show_v3":"1","button_v3":"Sing Up","button_link_v3":"#","header_search_show_v3":"1","header_search_show_v4":"1","shop_show_v4":"1","button_show_v4":"1","button_v4":"Sing Up","button_link_v4":"#","header_social_show_v4":"1","about_title_v5":"About","about_text_v5":"About","address_title_v5":"Our Address","address_v5":"House 35 R\/A,Street","phone_title_v5":"Call Us","phone_v5":"+357 984538","phone_link_v5":"#","email_v5":"e-mail us","email_link_v5":"#","socialtitle_v5":"Share","top_header_show_v5":"1","time_title_v5":"We are Open","header_search_show_v5":"1","shop_show_v5":"1","button_show_v5":"1","button_v5":"Sing Up","button_link_v5":"#","footer_source_type":"e","footer_elementor_template":"1489","footer_style_settings":"footer_v1","copyright_text":"","show_news_letter_area_v2":"","newletter_form_title_v2":"","newletter_form_id_v2":"","footer_shape_three":{"url":"","id":"","height":"","width":"","thumbnail":""},"footer_shape_four":{"url":"","id":"","height":"","width":"","thumbnail":""},"copyright_text2":"","blog_source_type":"d","blog_elementor_template":"","blog_post_date":"1","blog_post_author":"1","blog_post_comment":"1","blog_post_readmore":"1","blog_post_readmoretext":"Read More","single_source_type":"d","single_post_date":"1","single_post_author":"1","single_post_comments":"1","single_post_tag":"1","single_post_share":"1","single_social_share":{"facebook":"Facebook","twitter":"Twitter","gplus":"Google Plus","digg":"","reddit":"","linkedin":"Linkedin","pinterest":"Pinterest","stumbleupon":"","tumblr":"","email":""},"tag_source_type":"d","tag_elementor_template":"","tag_page_banner":"1","tag_banner_title":"","tag_page_background":{"url":"http:\/\/ftpdemo.com\/uthan\/wp-content\/uploads\/2021\/12\/banner-2.jpg","id":"67","height":"700","width":"1920","thumbnail":"http:\/\/ftpdemo.com\/uthan\/wp-content\/uploads\/2021\/12\/banner-2-150x150.jpg"},"tag_sidebar_layout":"right","tag_page_sidebar":"","archive_source_type":"d","archive_elementor_template":"","archive_page_banner":"1","archive_banner_title":"","archive_page_background":{"url":"http:\/\/ftpdemo.com\/uthan\/wp-content\/uploads\/2021\/12\/banner-1.jpg","id":"66","height":"700","width":"1920","thumbnail":"http:\/\/ftpdemo.com\/uthan\/wp-content\/uploads\/2021\/12\/banner-1-150x150.jpg"},"archive_sidebar_layout":"right","archive_page_sidebar":"","author_source_type":"d","author_elementor_template":"","author_page_banner":"1","author_banner_title":"","author_page_background":{"url":"http:\/\/ftpdemo.com\/uthan\/wp-content\/uploads\/2021\/12\/banner-2.jpg","id":"67","height":"700","width":"1920","thumbnail":"http:\/\/ftpdemo.com\/uthan\/wp-content\/uploads\/2021\/12\/banner-2-150x150.jpg"},"author_sidebar_layout":"right","author_page_sidebar":"","category_source_type":"d","category_elementor_template":"","category_page_banner":"1","category_banner_title":"","category_page_background":{"url":"http:\/\/ftpdemo.com\/uthan\/wp-content\/uploads\/2021\/12\/banner-4.jpg","id":"69","height":"700","width":"1920","thumbnail":"http:\/\/ftpdemo.com\/uthan\/wp-content\/uploads\/2021\/12\/banner-4-150x150.jpg"},"category_sidebar_layout":"right","category_page_sidebar":"","search_source_type":"d","search_elementor_template":"","search_page_banner":"1","search_banner_title":"","search_page_background":{"url":"http:\/\/ftpdemo.com\/uthan\/wp-content\/uploads\/2021\/12\/page-title.jpg","id":"25","height":"450","width":"1920","thumbnail":"http:\/\/ftpdemo.com\/uthan\/wp-content\/uploads\/2021\/12\/page-title-150x150.jpg"},"search_sidebar_layout":"right","search_page_sidebar":"","search_page_title":"","search_page_text":"","404_source_type":"d","404_elementor_template":"","404_page_banner":"1","404_banner_title":"","404_page_background":{"url":"http:\/\/ftpdemo.com\/uthan\/wp-content\/uploads\/2021\/12\/banner-2.jpg","id":"67","height":"700","width":"1920","thumbnail":"http:\/\/ftpdemo.com\/uthan\/wp-content\/uploads\/2021\/12\/banner-2-150x150.jpg"},"404_title":"","404_page_title":"","404_page_text":"","back_home_btn":"1","back_home_btn_label":"Back To Home Page","shop_source_type":"d","shop_elementor_template":"","shop_page_banner":"1","shop_banner_title":"","shop_page_background":{"url":"https:\/\/ftpdemo.com\/uthan\/wp-content\/themes\/uthan\/assets\/images\/breadcrumb\/breadcrumb-1.jpg","id":"","height":"","width":"","thumbnail":""},"shop_sidebar_layout":"full","shop_page_sidebar":"default-sidebar","shop_column":"3","shop_product":"8","product_source_type":"d","product_elementor_template":"","product_page_banner":"1","product_banner_title":"","product_page_background":{"url":"http:\/\/ftpdemo.com\/uthan\/wp-content\/uploads\/2021\/12\/page-title.jpg","id":"25","height":"450","width":"1920","thumbnail":"http:\/\/ftpdemo.com\/uthan\/wp-content\/uploads\/2021\/12\/page-title-150x150.jpg"},"product_sidebar_layout":"full","product_page_sidebar":"","custom_sidebar_name":[""],"use_custom_heading_style_h1":"","h1_typography":{"font-family":"","font-options":"","google":"1","font-backup":"","font-weight":"","font-style":"","subsets":"","text-align":"","font-size":"","line-height":"","color":""},"use_custom_heading_style_h2":"","h2_typography":{"font-family":"","font-options":"","google":"1","font-backup":"","font-weight":"","font-style":"","subsets":"","text-align":"","font-size":"","line-height":"","color":""},"use_custom_heading_style_h3":"","h3_typography":{"font-family":"","font-options":"","google":"1","font-backup":"","font-weight":"","font-style":"","subsets":"","text-align":"","font-size":"","line-height":"","color":""},"use_custom_heading_style_h4":"","h4_typography":{"font-family":"","font-options":"","google":"1","font-backup":"","font-weight":"","font-style":"","subsets":"","text-align":"","font-size":"","line-height":"","color":""},"use_custom_heading_style_h5":"","h5_typography":{"font-family":"","font-options":"","google":"1","font-backup":"","font-weight":"","font-style":"","subsets":"","text-align":"","font-size":"","line-height":"","color":""},"use_custom_heading_style_h6":"","h6_typography":{"font-family":"","font-options":"","google":"1","font-backup":"","font-weight":"","font-style":"","subsets":"","text-align":"","font-size":"","line-height":"","color":""},"body_custom_fonts":"","body_typography":{"font-family":"","font-options":"","google":"1","font-backup":"","font-weight":"","font-style":"","subsets":"","text-align":"","font-size":"","line-height":"","color":""},"redux-backup":1}