{"default-sidebar":{"block-2":{"content":"<!-- wp:search {\"placeholder\":\"Search\",\"buttonUseIcon\":true} \/-->"},"uthan_latest_post-2":{"title":"Latest Post","number":"3","cat":null},"block-3":{"content":"<!-- wp:group -->\n<div class=\"wp-block-group\"><!-- wp:columns -->\n<div class=\"wp-block-columns\"><!-- wp:column {\"width\":\"100%\"} -->\n<div class=\"wp-block-column\" style=\"flex-basis:100%\"><!-- wp:heading {\"level\":3} -->\n<h3>Categories<\/h3>\n<!-- \/wp:heading -->\n\n<!-- wp:categories \/--><\/div>\n<!-- \/wp:column --><\/div>\n<!-- \/wp:columns --><\/div>\n<!-- \/wp:group -->"},"block-8":{"content":"<!-- wp:group -->\n<div class=\"wp-block-group\"><!-- wp:heading {\"level\":3} -->\n<h3> Archive <\/h3>\n<!-- \/wp:heading -->\n\n<!-- wp:archives \/--><\/div>\n<!-- \/wp:group -->"},"block-9":{"content":"<!-- wp:group -->\n<div class=\"wp-block-group\"><!-- wp:heading {\"level\":3} -->\n<h3> Tags <\/h3>\n<!-- \/wp:heading -->\n\n<!-- wp:tag-cloud \/--><\/div>\n<!-- \/wp:group -->"}},"blog-sidebar":{"woocommerce_layered_nav_filters-2":{"title":"Active filters"},"woocommerce_products-2":{"title":"Products","number":5,"show":"","orderby":"date","order":"desc","hide_free":0,"show_hidden":0},"woocommerce_layered_nav-2":{"title":"Filter by","attribute":"color","display_type":"list","query_type":"and"},"woocommerce_top_rated_products-2":{"title":"Top rated products","number":5},"woocommerce_rating_filter-2":{"title":"Average rating"}}}